X,Y,Energy,Type,DistanceToFog,NodeDensity
-1.1489682138634,0.407927122583813,-0.0652721611816689,2,NaN,-0.046765729863318
-0.580171255227368,0.813769270760106,0.40804116230419,2,NaN,0.326365093514218
-1.62242439984213,-1.40149521675788,-0.200504539320486,2,NaN,0.326365093514218
-0.41131930138419,-1.37039337191349,-1.21474737536161,2,NaN,-0.233331141552086
1.28175380659894,-0.462843681360062,1.21943543113709,0,1.08906218675821,-0.233331141552086
0.609686485524259,0.487434915634564,-1.28236356443102,0,-0.856544059118053,2.1920192104019
1.51983951861477,-1.65231281849135,1.35466780927591,0,3.73687674912391,-1.912419846751
-0.29416144128439,0.279324639362658,0.00234402788773947,0,0.171035971415225,0.699495916891754
1.06550556753073,-0.14692277118427,-1.1471311862922,1,NaN,-0.419896553240854
-0.486713939072905,-0.29601215236019,0.0699602169571479,2,NaN,-0.419896553240854
-0.0565600473974286,1.30201734111509,-1.62044450977806,2,NaN,-0.046765729863318
1.53612603804292,-0.997213218553691,1.35466780927591,0,-0.0633717283314094,-1.53928902337346
-0.911650265922241,1.09816921692919,-0.606201673736936,1,NaN,0.326365093514218
-1.19866007301121,1.0771383885549,0.948970674859457,2,NaN,1.44575756364683
-0.325209522987707,0.0230486972138403,0.678505918581823,0,1.20734632314516,0.13979968182545
-0.235495978414959,-1.06257402040141,1.2870516202065,2,NaN,0.13979968182545
0.898745583377511,-0.818887265631098,-1.55282832070865,0,-0.128116003093484,-0.046765729863318
-0.00633984534378726,-1.43962131861283,0.340424973234781,2,NaN,-0.606461964929622
-1.46815996514033,-0.313515637883187,1.55751637648413,1,NaN,-0.79302737661839
-0.366746805841245,0.87663634732403,-1.55282832070865,0,-1.48093187257667,-0.79302737661839
1.0125441225235,-0.311197458705421,-1.1471311862922,1,NaN,-0.79302737661839
0.120526224864611,-1.21639579533766,0.543273540443007,0,-0.0846272593791439,0.13979968182545
-1.48642781454223,-1.07210775037561,0.475657351373598,2,NaN,0.13979968182545
0.00622444225586777,0.227038229814693,-1.01189880815339,2,NaN,0.886061328580522
0.653884497065783,1.36133844474796,1.15181924206768,0,0.504388470239333,0.326365093514218
-0.492634472622635,1.31569735906933,0.340424973234781,1,NaN,-1.35272361168469
-1.01732414079093,0.877426993683141,-0.538585484667528,2,NaN,2.1920192104019
0.975110076758319,0.81570711210236,0.948970674859457,0,-0.167082727040266,0.512930505202986
1.38887817558554,-1.24912133747778,1.2870516202065,1,NaN,0.13979968182545
-0.124692513634806,0.535579258664317,0.40804116230419,0,-0.31535013979153,-0.79302737661839
0.882868328683067,-1.33336240299128,-1.62044450977806,2,NaN,0.512930505202986
-1.57815903836527,-0.36585288370947,-0.470969295598119,1,NaN,-0.979592788307158
-0.243974529838806,-0.791120625832314,0.948970674859457,0,-0.21532430314682,0.512930505202986
-1.67506529989622,0.106303599752543,-1.28236356443102,1,NaN,-1.912419846751
-0.18102986098719,1.17013547442548,-1.34997975350043,2,NaN,-0.046765729863318
-1.08040984880697,-1.05271920742774,0.00234402788773947,0,-0.327720223130369,1.07262674026929
1.22558528102806,0.782853577586802,1.69274875462295,0,-0.505462142456394,-0.233331141552086
1.49898263057418,1.0729308540026,0.272808784165373,0,-0.158209649787845,1.44575756364683
0.466317808514085,0.129627971018786,-1.48521213163925,2,NaN,1.44575756364683
-1.67036642109352,0.970016122524917,0.475657351373598,2,NaN,-1.72585443506223
1.26076920116364,1.57374333583147,-0.538585484667528,0,-0.417704956223286,0.13979968182545
0.387059794252844,-1.35289849043689,0.678505918581823,1,NaN,1.07262674026929
-0.783832024036734,0.465331192691279,-1.68806069884747,0,0.108447774564959,0.512930505202986
-1.22988426821441,-0.848356310622271,-0.200504539320486,1,NaN,1.25919215195806
0.44202400452196,1.01212516203491,1.35466780927591,0,-0.967433640094782,0.326365093514218
0.394630051099779,0.27153800030549,0.0699602169571479,2,NaN,1.07262674026929
0.720338292580195,-0.212379093268935,0.0699602169571479,1,NaN,0.13979968182545
-1.61122959063517,0.824255231874401,1.42228399834532,1,NaN,-1.16615819999593
-1.1146000085465,-0.0170687566100528,0.678505918581823,2,NaN,0.13979968182545
-0.858080249809151,0.742061559750176,-0.0652721611816689,2,NaN,2.1920192104019
1.27374242622929,-1.40198650598807,1.01658686392887,1,NaN,0.326365093514218
-1.27403881562159,0.776073507446877,-0.673817862806344,0,-1.32026219887713,0.699495916891754
1.66965933778798,1.44372363110005,-1.68806069884747,0,-1.10416689796941,-1.35272361168469
0.514260777991618,0.799678301450331,-0.403353106528711,0,-0.909470631230744,0.886061328580522
0.625300886939563,-0.802366859871206,-1.28236356443102,0,-1.45279017336417,0.13979968182545
-0.362146588141563,-0.838782755133409,-1.48521213163925,0,-0.644521184255458,0.512930505202986
-0.534406373393676,0.485380548138362,-1.68806069884747,2,NaN,0.326365093514218
-1.52831765150566,0.422707275285821,-0.268120728389894,2,NaN,-0.046765729863318
-1.03583497851715,-1.3710542318576,1.69274875462295,1,NaN,0.886061328580522
-1.49108061683688,0.132571419874722,-1.21474737536161,2,NaN,0.13979968182545
-1.60395321596325,-1.49740886926575,-1.21474737536161,0,-0.668042222433466,-0.419896553240854
1.63283949652976,0.908923335511122,0.746122107651232,0,0.147684144478938,-0.979592788307158
-1.57318026431231,-1.13088374605522,1.08420305299827,1,NaN,-0.79302737661839
0.69430646701019,-1.46937965920304,-0.335736917459302,0,-1.35771555055611,0.512930505202986
0.433705512654477,1.35743513811743,0.272808784165373,1,NaN,1.07262674026929
-1.27209543217726,-0.234192904505648,0.948970674859457,0,0.938208178173828,-0.046765729863318
-1.36589898399279,0.604748017999344,-0.538585484667528,0,0.0275269432545613,2.00545379871313
0.547578155939258,-0.23945768461827,1.62513256555354,2,NaN,0.13979968182545
-1.48549536114696,-1.53342034677127,0.137576406026556,0,-1.2248533089542,-0.233331141552086
-1.64224394958177,-1.69412442945835,-1.48521213163925,0,0.692661611887703,-1.53928902337346
-1.14638798668968,-0.576108134571415,-1.28236356443102,1,NaN,0.13979968182545
1.46372528855569,0.378144575283337,-1.41759594256984,2,NaN,-0.419896553240854
0.752424306883402,0.671985423418752,1.42228399834532,1,NaN,0.699495916891754
0.163236010980105,1.69712535714037,0.00234402788773947,2,NaN,-1.72585443506223
0.434567154948613,0.407931906641079,0.746122107651232,0,1.57746071499131,0.886061328580522
-1.61510662550657,-1.22082824786384,0.543273540443007,0,-0.135927319008939,0.326365093514218
-0.782374264433858,-1.13103188052302,0.205192595095965,2,NaN,-0.419896553240854
0.777304906265579,-0.686605038318562,1.42228399834532,2,NaN,0.512930505202986
-1.30447622220623,0.468874911452884,-1.68806069884747,0,-0.653184487540083,0.886061328580522
1.21799761884684,0.0143708101497433,-0.200504539320486,0,-1.15008813036157,0.13979968182545
-0.0497781065029508,0.160072284672622,1.35466780927591,0,0.860423537075282,0.326365093514218
-0.351067597067609,0.620838050707455,-0.606201673736936,2,NaN,0.13979968182545
-0.926544949579168,-0.958789374887023,0.746122107651232,0,-0.002699882619344,0.512930505202986
1.30854909723941,1.09374633720922,1.01658686392887,0,0.536904145902688,2.56515003377943
1.45576931519856,0.35221555183082,-0.403353106528711,0,-0.264683227228018,-0.046765729863318
0.0505436421119992,0.481417880146792,-0.200504539320486,2,NaN,-0.606461964929622
0.0922191259929265,-0.105235726481826,-0.944282619083978,1,NaN,0.699495916891754
0.694955786940538,0.181757971846864,-1.01189880815339,0,-0.959595083782887,0.699495916891754
0.519345056168744,0.753144670121361,-1.48521213163925,1,NaN,0.699495916891754
0.310652876756082,1.35813122496816,-1.68806069884747,2,NaN,-0.233331141552086
-0.324253823414561,1.5776323013398,-0.268120728389894,2,NaN,-1.912419846751
-0.0524373661696928,1.71854277337603,0.948970674859457,0,-0.404752108268433,-2.4721160818173
-1.69778971684442,-0.76964859969847,1.08420305299827,1,NaN,-1.912419846751
1.12548371154574,1.63986522047869,1.15181924206768,2,NaN,-1.16615819999593
-1.14488900016898,-1.50187144000677,-1.48521213163925,1,NaN,-0.046765729863318
1.23845685318108,-1.35196810349405,0.881354485790048,1,NaN,0.512930505202986
-0.176340554612089,0.15570514232601,-1.55282832070865,2,NaN,-0.233331141552086
1.27579271235036,0.85252249523937,-0.200504539320486,0,-1.04855525718621,1.07262674026929
0.126564992916812,-1.51161133479448,0.0699602169571479,0,0.180986823732724,-0.419896553240854
-0.264906112528636,-1.32654635956733,0.948970674859457,0,0.255118170173796,0.13979968182545
0.746173755374104,0.647715627398222,0.475657351373598,0,-1.23814432394503,0.699495916891754
1.67719953078744,0.982554566994045,-0.741434051875753,0,-0.806587551789359,-0.79302737661839
-1.67005166296548,0.660002574493472,0.881354485790048,2,NaN,-1.16615819999593
-0.568252123158176,-0.105648429249725,-1.21474737536161,1,NaN,-0.419896553240854
-1.64754657206334,0.564760239420345,1.42228399834532,2,NaN,-1.35272361168469
-0.0591529205352684,1.0088864024705,-1.34997975350043,1,NaN,0.13979968182545
-1.19295725434945,0.717478274514171,0.40804116230419,2,NaN,1.63232297533559
1.24733902995051,1.28395299441473,1.55751637648413,1,NaN,2.37858462209067
1.29912560867263,-1.59182312001582,-1.41759594256984,0,1.28001279256274,-0.606461964929622
-0.100101293975763,-0.905990627607697,-1.55282832070865,1,NaN,1.07262674026929
-1.46900518426433,1.1086872580456,0.881354485790048,1,NaN,-0.419896553240854
0.599253401091038,0.536622525282651,-1.55282832070865,1,NaN,1.25919215195806
-1.44730284102552,-0.867607258706444,1.69274875462295,1,NaN,0.699495916891754
0.714426245926082,-0.136349238651524,0.881354485790048,1,NaN,-0.046765729863318
0.226377955573355,-1.59060588008668,-0.132888350251077,1,NaN,-0.79302737661839
0.148082662318061,1.0543623785944,0.543273540443007,1,NaN,-0.233331141552086
-0.837369334993603,0.668704972872838,1.35466780927591,2,NaN,1.07262674026929
-0.838065966916664,0.947814120877549,-0.335736917459302,1,NaN,0.886061328580522
1.16467683617485,1.49739088287122,-0.403353106528711,2,NaN,0.886061328580522
1.03335447332991,-0.693559817574119,1.15181924206768,1,NaN,0.13979968182545
1.49669445079081,-1.39662960361545,-0.200504539320486,0,1.16249324489008,-0.606461964929622
0.296673830157841,0.573889073607326,-0.741434051875753,2,NaN,0.699495916891754
1.5610953124983,0.270885453714262,-0.809050240945161,0,-0.506920022673801,-0.979592788307158
-1.09742733616886,-0.825578965049775,-0.335736917459302,2,NaN,0.699495916891754
-1.09510582778168,-0.909720472537227,0.81373829672064,1,NaN,0.13979968182545
-0.722481529914774,0.560877668151079,0.610889729512415,1,NaN,-0.233331141552086
-1.61032666824899,-0.419661910200299,-0.470969295598119,1,NaN,-1.72585443506223
1.47134031623714,1.65195800370361,0.543273540443007,1,NaN,-1.53928902337346
1.49858191555161,0.15553492221211,-0.470969295598119,1,NaN,0.13979968182545
0.986342157823127,-0.355983087030171,0.272808784165373,2,NaN,-0.419896553240854
-1.24084914136346,-0.420438358914222,1.2870516202065,2,NaN,-1.35272361168469
-0.508319851504909,0.425490188583357,1.01658686392887,0,-0.613794776123932,-0.233331141552086
-1.29922749720254,-1.29911132227216,1.21943543113709,1,NaN,1.07262674026929
0.795882669043584,0.513857273888908,-0.335736917459302,2,NaN,-0.046765729863318
-0.172697829708785,0.516197383188589,-0.268120728389894,2,NaN,-0.79302737661839
-1.11805501426034,-0.657050802390565,0.205192595095965,2,NaN,0.699495916891754
-0.250876004599682,0.891710499229312,-0.741434051875753,1,NaN,-0.233331141552086
1.44122478839164,1.19315686814641,-0.606201673736936,0,-0.095863856271548,2.37858462209067
-0.232924469257101,-0.698217876358512,1.62513256555354,1,NaN,0.13979968182545
1.06733032911906,0.835636375883195,-0.200504539320486,1,NaN,0.13979968182545
1.23467852657458,1.43044837166111,0.543273540443007,1,NaN,2.00545379871313
1.02898415095463,1.64077719235377,-1.01189880815339,0,0.858474631955138,-1.16615819999593
0.131524027748981,0.375905060278225,-0.470969295598119,2,NaN,0.512930505202986
-0.051745520498716,-1.62117859903548,-1.41759594256984,1,NaN,-1.72585443506223
-0.452477550557298,0.459812222485721,-0.87666643001457,1,NaN,0.326365093514218
0.352668364442564,-0.215557117357047,0.205192595095965,0,-0.623790068815236,0.699495916891754
-1.33880753709644,0.925707393507228,-0.741434051875753,0,0.626976734912585,1.44575756364683
-0.639164983256769,0.638863856217984,-0.606201673736936,1,NaN,0.326365093514218
-1.63816240932375,-0.681746828824372,1.35466780927591,2,NaN,-1.16615819999593
-0.222610541282364,-1.18945463961897,-1.07951499722279,1,NaN,0.699495916891754
1.07164387044299,-0.303016617291929,-0.403353106528711,2,NaN,-0.79302737661839
-0.0303157842412356,-0.882444253632652,0.881354485790048,0,-0.904407488917905,0.699495916891754
0.797296338868545,0.134947119550037,-1.1471311862922,1,NaN,0.886061328580522
-1.60053036409966,-1.05857575262791,0.340424973234781,2,NaN,-0.419896553240854
1.23889991172531,-1.0309333654134,1.42228399834532,1,NaN,-1.16615819999593
0.223928612053167,-1.70985349750844,0.475657351373598,2,NaN,-1.72585443506223
1.58967904714023,1.04467330024311,1.35466780927591,1,NaN,-0.233331141552086
1.42335665248965,0.454860410834554,-0.538585484667528,2,NaN,-0.79302737661839
1.5116408564463,1.48410058182292,-1.62044450977806,2,NaN,0.13979968182545
-0.176404887245701,0.603743237497093,-0.268120728389894,1,NaN,-0.979592788307158
-1.09575139619639,0.554128396830768,0.205192595095965,2,NaN,1.44575756364683
0.576136952266655,0.565013459507752,-1.55282832070865,1,NaN,1.07262674026929
1.15899939245951,-1.26765962160931,-1.21474737536161,0,-1.26977102870399,0.13979968182545
1.6449698316483,1.02498644383921,0.205192595095965,1,NaN,-0.606461964929622
0.76239464665206,-1.28372816179722,-0.132888350251077,2,NaN,0.326365093514218
-0.811135179985723,-1.28020421989353,1.15181924206768,0,2.10257368456919,0.326365093514218
1.43379653175189,-0.313747936419268,0.40804116230419,2,NaN,-0.046765729863318
-1.69883725858861,-1.15464631049917,0.746122107651232,2,NaN,-1.16615819999593
-0.934777800502229,-0.750282035207298,0.81373829672064,2,NaN,0.699495916891754
0.999228884160822,-0.707495949115766,0.678505918581823,1,NaN,-0.419896553240854
1.34921078079429,1.23006051482624,-0.944282619083978,1,NaN,2.1920192104019
-1.09898689799813,0.0121357456404606,1.55751637648413,1,NaN,0.886061328580522
-1.13714932077246,0.721618632063311,0.948970674859457,1,NaN,1.44575756364683
0.815995075588824,-1.67293327817968,-0.200504539320486,2,NaN,-2.09898525843977
1.32919180935404,0.0373815461783153,0.475657351373598,1,NaN,0.699495916891754
-1.63159235982316,-1.48659091528346,-0.335736917459302,0,-0.309565478740075,-0.233331141552086
0.570899583440695,-0.533326992805659,1.21943543113709,2,NaN,-0.046765729863318
0.511775022013156,-0.578519117339384,1.21943543113709,0,0.10771418019667,-0.046765729863318
-0.390375517295896,-0.14498312220673,0.272808784165373,2,NaN,-0.419896553240854
1.00617356213018,1.05270761153986,-0.132888350251077,2,NaN,1.07262674026929
-1.62823985639397,-1.12942521839948,0.610889729512415,2,NaN,-1.16615819999593
0.215938870075956,0.0750580275609481,0.272808784165373,1,NaN,2.00545379871313
0.206755589227921,-0.927313004636338,0.137576406026556,2,NaN,-0.606461964929622
0.338081728927418,1.22492834900117,-1.28236356443102,1,NaN,-0.233331141552086
-1.52040825247409,1.17562435074869,1.62513256555354,1,NaN,-0.606461964929622
-0.504746297728473,1.70649685254285,-1.01189880815339,2,NaN,-3.40494314026114
-0.832145374248193,-0.362354382860931,1.69274875462295,2,NaN,-0.419896553240854
-1.62434216869075,-0.687112979027253,-1.48521213163925,2,NaN,-1.16615819999593
0.497537638240382,-0.0134505134511692,1.42228399834532,1,NaN,2.7517154454682
0.246470132035489,0.910435959515985,-1.21474737536161,2,NaN,0.512930505202986
1.32189561986912,1.50611701411896,0.340424973234781,2,NaN,0.326365093514218
-0.20514413776463,0.203260581240434,0.746122107651232,1,NaN,-0.046765729863318
-1.26941696263311,0.795162442440641,-0.335736917459302,1,NaN,0.699495916891754
-0.822482825647341,-1.52047587784477,1.2870516202065,2,NaN,-0.419896553240854
-1.58076345617091,0.458288731205143,0.81373829672064,1,NaN,-0.419896553240854
-0.521909910599005,-1.21266620458852,-1.01189880815339,1,NaN,-0.419896553240854
1.5167700118835,-0.722775771086464,0.543273540443007,0,0.27000802229701,-1.35272361168469
-1.06595500040588,0.0600711205087292,-1.28236356443102,2,NaN,0.512930505202986
-0.73752868944819,-0.41440355133128,1.48990018741472,0,0.180124279185432,-0.419896553240854
1.1961215878853,1.1776511819956,-1.1471311862922,2,NaN,1.81888838702436
0.302372880918564,-0.256787445994057,-1.07951499722279,1,NaN,0.13979968182545
-0.9809583976627,-0.72486511218267,-0.809050240945161,1,NaN,0.699495916891754
0.0392447123852032,-1.00021325001007,0.543273540443007,1,NaN,-0.419896553240854
-1.13061360157654,-1.27745018228712,1.62513256555354,2,NaN,0.326365093514218
-0.019943740158924,0.935359262318787,-1.62044450977806,1,NaN,-0.79302737661839
-1.65299029469094,1.5959773111714,-1.68806069884747,2,NaN,-2.65868149350607
-1.60852168122592,0.65905165511414,0.137576406026556,2,NaN,-0.979592788307158
1.58432480282098,-1.08752463286001,1.08420305299827,1,NaN,-1.53928902337346
0.419912956343751,-1.39554629619445,0.00234402788773947,0,-0.798119287587011,1.25919215195806
1.13898064647484,-0.916383776840437,1.2870516202065,2,NaN,-0.79302737661839
1.64161257837961,1.65954347396485,-1.1471311862922,1,NaN,-2.65868149350607
1.37754812741633,0.393082746839365,0.881354485790048,1,NaN,-0.606461964929622
0.907754417148695,0.375529156358032,-1.07951499722279,0,-0.849445298706435,0.326365093514218
0.253813902993822,0.108408092504734,-0.87666643001457,1,NaN,1.63232297533559
-1.42372981729031,0.716434777487066,0.475657351373598,2,NaN,1.07262674026929
-1.65379391348803,0.944429719865237,-0.0652721611816689,0,0.314350071285971,-1.53928902337346
0.682430462926949,0.914778531675176,0.272808784165373,1,NaN,0.326365093514218
0.627058392311907,-0.17964054847243,-0.0652721611816689,2,NaN,-0.046765729863318
1.24442358059931,1.11045600961875,1.69274875462295,2,NaN,2.37858462209067
-0.104934825642419,-0.0181265879482996,0.137576406026556,0,1.33119321627218,0.512930505202986
-0.83102166309685,0.219113394660026,-0.403353106528711,0,0.320573332318583,-0.979592788307158
1.18085003669979,-1.70373313792532,1.62513256555354,0,2.34096664674488,-2.28555067012853
1.15691497872945,-1.24475978192373,1.62513256555354,1,NaN,0.13979968182545
0.557947725666252,-1.42762734253812,1.35466780927591,2,NaN,0.886061328580522
1.46205172344109,-0.611070955095672,-0.673817862806344,1,NaN,-0.979592788307158
-1.43436819034288,-1.09768295746794,0.475657351373598,0,-0.582198016655474,0.512930505202986
-1.49227898676019,-1.50538820052329,0.881354485790048,0,-1.52740732933113,-0.046765729863318
0.641425130685961,-0.143052811635313,0.0699602169571479,1,NaN,0.326365093514218
0.923421292460552,1.30930043318949,-1.68806069884747,2,NaN,0.699495916891754
1.07897421858437,1.47177965275445,0.0699602169571479,2,NaN,0.699495916891754
-1.28093128576142,-0.51930881810481,-0.0652721611816689,2,NaN,-0.419896553240854
1.11597270996976,1.33046592806109,-1.28236356443102,0,-0.443005661295685,1.81888838702436
-1.59912366401495,-0.37102321968981,0.746122107651232,0,-1.2857052054259,-1.53928902337346
-1.08485003688261,0.116301914644128,1.15181924206768,0,-0.040294535454001,0.886061328580522
-0.363544187295222,0.42176041466889,-1.21474737536161,2,NaN,0.13979968182545
-0.444949769448056,-1.61605422229995,1.01658686392887,1,NaN,-1.16615819999593
0.878966354297033,0.50442323074808,0.340424973234781,2,NaN,-0.233331141552086
0.269857040518247,-1.1091949889156,1.62513256555354,2,NaN,-0.233331141552086
-1.31556092116942,1.39987507388629,-0.809050240945161,1,NaN,-0.79302737661839
-0.0193584779368866,1.68199528380351,-1.34997975350043,2,NaN,-1.53928902337346
1.45607605886404,1.05293996842855,-0.944282619083978,2,NaN,1.63232297533559
-1.00058398164532,-0.951727660482045,0.40804116230419,2,NaN,0.699495916891754
0.776123842969106,-0.901397637421217,1.55751637648413,0,-0.705352522858121,0.512930505202986
0.476018793152047,0.209683508228468,0.678505918581823,2,NaN,1.25919215195806
0.15918878317267,0.140271558430957,1.62513256555354,0,-0.300338647969197,1.44575756364683
1.09448351203237,-0.678545801742756,-0.0652721611816689,0,-0.650074451010687,-0.233331141552086
0.389659066395161,0.844427518165852,0.948970674859457,0,0.808759166214186,0.699495916891754
-0.712946302357862,-1.01451758678663,-0.403353106528711,2,NaN,-1.16615819999593
-1.46458879004635,0.135276809672108,0.678505918581823,1,NaN,0.326365093514218
0.63088296790739,-0.767014489278179,0.81373829672064,1,NaN,-0.046765729863318
-0.34739560846451,-1.09519392417008,-0.673817862806344,0,0.773716099333817,0.13979968182545
-1.10726051510182,-0.924094940663358,0.272808784165373,2,NaN,0.13979968182545
1.58463434957113,-0.835356732396569,-0.809050240945161,1,NaN,-2.09898525843977
-0.289587433872096,-1.26390289406298,-0.403353106528711,2,NaN,-0.419896553240854
-1.32940581494241,1.37831246221716,-0.538585484667528,2,NaN,-0.979592788307158
0.731294560644682,-1.5360860397284,-0.335736917459302,2,NaN,-0.606461964929622
0.0534562171263743,-0.648282511481667,0.543273540443007,1,NaN,-1.16615819999593
0.0115957145604802,0.316078655301542,0.543273540443007,0,1.61300187965255,0.699495916891754
1.67451030031828,1.41013697993994,-0.741434051875753,1,NaN,-1.16615819999593
-1.23545782412628,0.321033785514276,0.340424973234781,2,NaN,0.886061328580522
1.24105133620371,-0.273885607787465,0.746122107651232,1,NaN,1.25919215195806
-1.36046036352111,1.01645961595367,-0.268120728389894,2,NaN,0.512930505202986
0.313662797642339,1.38432944196815,1.15181924206768,0,0.273578255656123,-0.606461964929622
-1.01243615915164,-0.464249695152897,-0.200504539320486,2,NaN,0.886061328580522
-0.806276957916444,0.184728401371488,-1.55282832070865,0,-0.0957470359121936,-0.979592788307158
-1.24056340433759,-0.538419830910755,0.340424973234781,2,NaN,-0.606461964929622
0.758926107589866,0.0748459807330294,1.55751637648413,1,NaN,1.25919215195806
-1.50930133753612,-0.593385272258357,-0.470969295598119,1,NaN,-0.79302737661839
1.68498650153676,0.778464847760508,1.21943543113709,1,NaN,-1.72585443506223
-1.67719030155619,-1.50012763856246,-0.673817862806344,2,NaN,-1.16615819999593
-0.175999228315753,-1.55623867672006,0.205192595095965,1,NaN,-0.233331141552086
0.874099438967658,0.486605576796437,-1.34997975350043,0,-0.0280915251409916,0.13979968182545
0.415541451897129,0.537228253343673,0.948970674859457,0,0.442759955530676,0.13979968182545
0.960217473298736,1.65495250356416,-1.28236356443102,0,0.665971860083213,-1.16615819999593
-1.01440928213731,0.517132406729746,-0.944282619083978,1,NaN,0.699495916891754
1.41771854817606,-0.785116252456975,0.678505918581823,2,NaN,-0.979592788307158
-1.03376752446459,0.765119608819643,0.340424973234781,1,NaN,1.63232297533559
0.794071778720698,0.36469461465083,0.475657351373598,2,NaN,0.886061328580522
-0.610490648567849,0.574770698392685,0.137576406026556,1,NaN,-0.046765729863318
1.39950793154155,-0.435342956791888,0.678505918581823,0,1.20902405850758,-0.606461964929622
0.414422520415463,0.61775813922692,0.40804116230419,0,-0.61249880128588,-0.046765729863318
1.0259533656648,-0.532047077533044,-0.944282619083978,1,NaN,0.512930505202986
-1.3763361539075,1.69825163577322,0.678505918581823,2,NaN,-1.912419846751
-0.280078410218463,1.39948985515136,-1.62044450977806,1,NaN,-0.79302737661839
-0.363191236753766,-1.38507831847714,0.543273540443007,2,NaN,-0.419896553240854
-0.983457785276488,-1.38637598533698,0.746122107651232,2,NaN,0.699495916891754
0.293338609697409,0.342203796993703,0.678505918581823,2,NaN,1.07262674026929
1.24732695754348,0.575169723044857,-0.0652721611816689,1,NaN,-0.419896553240854
0.293119971320186,-1.69785188482588,-0.403353106528711,2,NaN,-1.53928902337346
1.19166084943368,1.61050960456748,1.35466780927591,1,NaN,-0.79302737661839
0.397496768015544,0.712753855341801,-0.132888350251077,0,-0.430541681931972,0.326365093514218
0.591728813286132,1.03244961590134,0.948970674859457,0,-0.193241086346055,-0.233331141552086
-0.538046550807226,0.97994329488901,-1.68806069884747,0,1.37016292002885,-0.606461964929622
-1.31695607088247,0.0601472267848122,-1.41759594256984,2,NaN,0.13979968182545
0.937220992068883,1.33298888947991,-0.741434051875753,0,0.163740894324242,1.07262674026929
-0.963629212708562,0.297825749260865,-0.673817862806344,0,-1.18961437412548,-0.79302737661839
-0.932201305160879,-0.139180084489444,-0.673817862806344,0,-1.46558638799196,0.13979968182545
0.835402890343486,-0.600383043655918,0.948970674859457,0,0.561527091523495,0.886061328580522
-0.379497479102068,-0.534116622635777,0.137576406026556,1,NaN,-0.046765729863318
-0.188328784650799,-0.907249973232947,1.21943543113709,1,NaN,0.699495916891754
-0.170994638942685,1.23351317295483,1.15181924206768,1,NaN,-0.046765729863318
1.21117671399966,0.202317835438326,-0.741434051875753,1,NaN,0.512930505202986
0.392648940554393,-1.51580757003273,-1.1471311862922,1,NaN,0.699495916891754
0.128722845118333,-0.991363588626776,0.881354485790048,0,-0.530230479625539,-0.606461964929622
0.25861284135569,1.50760577872066,-1.34997975350043,0,0.458527202670192,0.13979968182545
0.12781553399214,-0.34159730951175,1.55751637648413,2,NaN,-0.606461964929622
1.06052346900378,0.950705518912941,1.15181924206768,0,0.125905782493259,0.699495916891754
1.63541697053113,-0.513084832654388,0.00234402788773947,2,NaN,-1.72585443506223
-1.175086396647,1.57918318547263,1.08420305299827,0,1.85020757180411,-1.72585443506223
0.0760042740402044,-1.03924731027668,0.00234402788773947,1,NaN,-0.233331141552086
-0.366982627772817,1.3515969058068,-1.55282832070865,1,NaN,-0.606461964929622
-1.53966470886129,1.71283102942426,1.01658686392887,2,NaN,-2.4721160818173
1.25084304681117,-1.02707578877446,0.475657351373598,1,NaN,-0.979592788307158
1.52306497008136,0.488530824006439,1.69274875462295,1,NaN,-0.979592788307158
-0.929952951602472,1.52728708282873,-1.21474737536161,0,0.698243821159944,-2.28555067012853
1.24807265905043,0.578984127458397,1.62513256555354,1,NaN,-0.419896553240854
-0.902375253384639,-0.713700343019638,-0.944282619083978,0,-0.396824532064699,0.512930505202986
-1.59026702183381,-1.50206451800102,1.42228399834532,2,NaN,-0.419896553240854
1.64150212821711,-0.949917396285787,-0.470969295598119,1,NaN,-2.84524690519484
0.523116177583548,1.59557412522893,1.62513256555354,1,NaN,-0.046765729863318
-0.531494605461331,-0.346738817213283,-1.34997975350043,0,2.05667544493355,-0.419896553240854
-0.891259350831247,0.792824932815714,-1.55282832070865,1,NaN,2.37858462209067
-0.92857536552218,0.880516710369225,1.08420305299827,2,NaN,1.25919215195806
0.998363019501841,-1.51922531276335,-1.68806069884747,1,NaN,0.326365093514218
-0.972186637666291,1.02775478193932,-0.470969295598119,0,-0.604973931919666,1.25919215195806
-1.63933852669881,0.334006248109224,-1.28236356443102,0,0.466977037586847,-1.16615819999593
-1.39518317765742,1.40312929865724,0.340424973234781,1,NaN,-0.79302737661839
-1.1834287843003,0.651589722559666,-0.741434051875753,2,NaN,2.00545379871313
1.67634829259023,-1.46120961764667,-0.470969295598119,2,NaN,-2.09898525843977
1.4057167496394,-1.66961246383437,0.272808784165373,2,NaN,-1.53928902337346
0.525179334562564,-1.08540420360732,0.00234402788773947,0,0.25013434434929,0.699495916891754
0.543386916768567,-1.38778893172779,0.0699602169571479,1,NaN,0.886061328580522
-0.550976982776689,-0.893505286697349,-0.87666643001457,2,NaN,-0.606461964929622
0.0293545757005101,0.384921865621597,0.0699602169571479,0,0.658081597532204,0.13979968182545
0.773962602963033,-0.841121644090203,-1.68806069884747,1,NaN,-0.233331141552086
1.25728408942599,0.548811773689611,1.01658686392887,0,-1.19052836290716,-0.79302737661839
-0.392884221701193,-1.46276746104795,0.746122107651232,1,NaN,-0.419896553240854
1.50766112570975,0.0811912851581862,-1.01189880815339,2,NaN,0.13979968182545
0.938108536194728,0.29932372728454,-0.470969295598119,0,-0.555973816157432,0.326365093514218
-0.608435300688024,1.34452254496775,1.48990018741472,1,NaN,-1.72585443506223
1.06778208519311,0.762547354749548,-0.673817862806344,0,-0.512146865483549,-0.233331141552086
-1.60165059073072,-0.956362615028533,1.55751637648413,1,NaN,-0.046765729863318
-0.989701968491666,-0.150566418654986,-1.55282832070865,0,-0.824578046772527,0.13979968182545
1.24009271639372,0.912868878613397,-0.470969295598119,0,-0.744116399845732,1.81888838702436
0.997465905818352,-0.0547688961928133,1.55751637648413,2,NaN,0.326365093514218
-0.953261207673467,-1.12206925275808,-0.87666643001457,0,-0.158234282543296,0.886061328580522
0.174516889852319,-1.64201619889001,-0.0652721611816689,1,NaN,-1.35272361168469
1.25642051102206,-0.639937815447561,0.00234402788773947,1,NaN,-0.419896553240854
-0.199854568476793,0.460119688459459,0.00234402788773947,1,NaN,0.13979968182545
-0.906569445018056,1.01344334832563,-1.07951499722279,1,NaN,0.512930505202986
0.874086133509437,0.863948029968637,0.40804116230419,0,1.38623397116548,-0.606461964929622
-0.558483525487749,0.467034750940378,0.81373829672064,0,-0.868682949080463,-0.233331141552086
-0.197822293305751,-0.278385274716249,-0.809050240945161,0,0.197960271562202,-0.233331141552086
-1.35766564230185,-0.835803339507151,-0.200504539320486,1,NaN,1.25919215195806
-1.35200932823949,-1.67371539606451,-0.538585484667528,1,NaN,-0.79302737661839
0.436100451599526,0.747068907156444,-0.268120728389894,2,NaN,1.07262674026929
0.495227842304237,-0.240914448235867,1.08420305299827,0,0.520023295655524,0.699495916891754
-0.267246285996252,1.00747830422379,-0.470969295598119,1,NaN,-0.419896553240854
1.65694018346768,1.47540982127925,-0.87666643001457,0,-0.594042142361175,-1.35272361168469
0.609525426711911,-0.419729242265974,1.48990018741472,1,NaN,-0.046765729863318
-0.040073779984431,-0.290451541312996,-0.268120728389894,1,NaN,-1.16615819999593
0.268665694277502,-0.489848927810213,-0.673817862806344,2,NaN,-0.979592788307158
1.4921786380816,-0.448219577929633,1.08420305299827,0,0.888672810954071,-0.606461964929622
0.526049936325202,1.67232079995208,-0.268120728389894,1,NaN,-0.606461964929622
-1.45900668977443,-0.261653657394412,-1.21474737536161,2,NaN,-0.979592788307158
-0.937487677847649,-0.130688851295234,-1.28236356443102,1,NaN,0.13979968182545
0.90600455610226,1.49281398086586,1.08420305299827,0,-1.08661700687706,-0.233331141552086
-0.304218712599433,0.26535982846968,0.610889729512415,2,NaN,0.326365093514218
-0.830852273873631,-0.505916400475159,-1.01189880815339,0,-1.07209609481615,-0.233331141552086
0.279510834767037,-1.36619868121913,-0.741434051875753,2,NaN,0.886061328580522
1.10946103095723,0.0666393845005368,-0.268120728389894,2,NaN,-0.233331141552086
0.689561707240146,1.12995448157735,-1.62044450977806,1,NaN,0.13979968182545
-0.101518590788366,-0.644625743633945,-0.741434051875753,0,-0.469586178767504,-0.606461964929622
0.907721622918153,0.422833615844938,1.2870516202065,2,NaN,0.326365093514218
1.33435935316325,1.12240544913622,-1.62044450977806,2,NaN,3.12484626884574
-1.46561206370771,1.70847336340446,-0.335736917459302,1,NaN,-1.912419846751
-1.51783727306074,-0.746704491556011,0.475657351373598,0,-0.510055800632667,-0.419896553240854
-0.772943139621971,-0.777855013068453,-1.62044450977806,1,NaN,-0.046765729863318
0.657907490522245,0.897220993303704,-0.470969295598119,0,-1.15622214228303,0.886061328580522
0.573312573857548,0.584901125206129,-0.673817862806344,1,NaN,0.886061328580522
1.34020485948151,-0.507635139510949,1.2870516202065,2,NaN,-0.419896553240854
-0.959538652583146,-0.177611827407997,1.01658686392887,2,NaN,0.512930505202986
1.49739908493358,0.986886040440112,1.08420305299827,0,0.0496227380614223,1.63232297533559
1.58293450208858,0.200890468880031,-1.01189880815339,1,NaN,-0.606461964929622
1.32829233392766,1.26769952307893,0.881354485790048,2,NaN,2.56515003377943
-0.874053446556757,0.882551969143903,1.48990018741472,1,NaN,0.886061328580522
0.742202263436716,-0.672712629862752,0.00234402788773947,2,NaN,0.326365093514218
0.895054450416273,0.552506981157399,0.0699602169571479,0,0.203791798948756,0.326365093514218
-1.58048020470741,-0.0465701758687135,0.0699602169571479,0,0.00217082213444111,-1.35272361168469
0.505770881549093,-0.354276700160003,-0.470969295598119,2,NaN,0.326365093514218
0.207749020079661,0.167916932632793,-1.62044450977806,2,NaN,1.25919215195806
-1.60715081361507,-0.150172794767295,1.01658686392887,1,NaN,-1.35272361168469
0.450271279116983,0.144773428982555,1.69274875462295,1,NaN,1.07262674026929
0.380310894123052,-1.4426187327486,-0.0652721611816689,0,-0.494500481542761,0.699495916891754
-1.42427020080755,-0.787349412471387,0.610889729512415,2,NaN,0.512930505202986
-1.69500491757448,1.21305189480692,1.08420305299827,1,NaN,-2.4721160818173
-0.322213439425164,1.17730609622556,-0.0652721611816689,0,-0.824917479562677,0.699495916891754
-1.20999302551117,1.2250707918301,-1.07951499722279,1,NaN,-0.233331141552086
1.26778992808919,1.37141758864323,0.678505918581823,2,NaN,1.25919215195806
-0.286859822350846,-0.702347856575764,-0.335736917459302,0,-0.785430436761293,0.326365093514218
-1.31405438461797,0.361784175491013,0.137576406026556,2,NaN,0.699495916891754
0.0846254722801891,0.815965217241416,-1.34997975350043,0,0.800911572840683,-0.419896553240854
-0.836533407430921,0.0889293054102811,-1.48521213163925,1,NaN,0.13979968182545
-0.0234165856392558,1.64398340020184,1.15181924206768,1,NaN,-1.16615819999593
0.91643278888244,-1.46125385511503,0.00234402788773947,1,NaN,0.13979968182545
-0.321949321217102,-0.0163883815582406,-1.62044450977806,2,NaN,-0.046765729863318
-0.0766594279227055,-0.881406394892998,0.610889729512415,1,NaN,0.886061328580522
-1.14442422938226,-1.13475872452213,0.948970674859457,1,NaN,1.63232297533559
1.50368850382838,0.79223511099311,0.81373829672064,2,NaN,0.512930505202986
1.47971501303208,-0.513672979904259,1.08420305299827,0,-0.119651589338764,-0.419896553240854
0.750754511919668,0.388361395803197,-1.21474737536161,0,0.508409797916049,0.886061328580522
0.0502727129980384,-0.269768474156375,-1.28236356443102,2,NaN,-0.419896553240854
-0.137984054040189,1.14076531535474,-0.673817862806344,1,NaN,0.13979968182545
0.111964906607161,0.149924759220843,0.81373829672064,0,0.342286486164341,1.25919215195806
0.655116030192173,-1.58580349828598,-1.34997975350043,2,NaN,-0.419896553240854
-1.43294761707642,-1.20997401919118,1.69274875462295,2,NaN,1.44575756364683
-0.706679375032572,-1.02428684120123,-0.335736917459302,0,2.2464653819377,-1.16615819999593
0.122206899607394,-1.41424916568881,-0.741434051875753,0,0.487407344850697,-0.046765729863318
-1.53780925162162,-1.16239619650116,1.55751637648413,1,NaN,-0.233331141552086
-0.781830074944102,-0.249288578558491,-0.944282619083978,0,1.37454938505609,0.886061328580522
-0.407277826770256,-1.59086004396999,1.62513256555354,0,-0.923960774689149,-1.16615819999593
1.39546178956862,-0.0506506058033274,-0.538585484667528,2,NaN,0.13979968182545
-1.68135716611724,1.62739134207752,1.01658686392887,1,NaN,-2.84524690519484
-1.61263603891543,1.51077800087254,-1.1471311862922,1,NaN,-2.09898525843977
0.526307065433236,1.0375228877702,-1.34997975350043,0,-1.18488503157564,0.13979968182545
-1.63095920814464,-0.972643172711244,1.62513256555354,0,-1.10382282781325,-0.233331141552086
0.126666212284117,1.53636101771073,1.55751637648413,1,NaN,-0.046765729863318
1.55455855368343,-1.37577423429209,-0.470969295598119,2,NaN,-0.79302737661839
1.47210242882998,-1.31599682377436,1.62513256555354,2,NaN,-0.046765729863318
-0.865329174639188,-1.35630477553562,1.21943543113709,0,1.01518374654462,-0.046765729863318
1.23889574515369,0.855128634237974,-0.673817862806344,1,NaN,1.07262674026929
-0.667146888273047,1.2785917780566,0.948970674859457,1,NaN,-1.35272361168469
0.814505062682924,-0.461567600561143,0.610889729512415,0,1.59896938382854,0.699495916891754
-0.60216586836026,-1.69310170429847,-0.403353106528711,1,NaN,-1.53928902337346
-1.19110508623965,0.784761475051518,-1.48521213163925,0,-0.402507353060226,1.63232297533559
-1.35199156241014,0.087689976266559,1.55751637648413,2,NaN,0.326365093514218
-1.45283140432958,0.545528664852398,0.81373829672064,0,0.752033014019261,1.07262674026929
1.13631790509503,1.25561247205835,0.00234402788773947,1,NaN,1.63232297533559
0.989010214781035,-0.407852153053278,-0.470969295598119,0,-0.111576914717817,-0.046765729863318
-1.2681542405911,1.57413511882456,0.272808784165373,0,1.11704992165729,-2.28555067012853
0.50209962214014,-1.27414457406524,1.55751637648413,0,0.214833931219543,0.512930505202986
0.86461099678005,-0.142425717948825,-0.741434051875753,0,0.0992928787377942,-0.046765729863318
-1.58985284927193,0.727747562280444,-1.68806069884747,1,NaN,-0.606461964929622
0.474583845740592,0.984722716283414,0.948970674859457,1,NaN,0.326365093514218
-0.642109954431549,0.0578158147638408,0.948970674859457,0,1.10334999383618,-0.606461964929622
-1.23798806676091,1.09258499195165,-0.403353106528711,2,NaN,1.07262674026929
0.734664266712213,1.04267451004048,0.475657351373598,2,NaN,0.512930505202986
-0.248897551216272,-0.146835158258488,0.137576406026556,1,NaN,-0.419896553240854
0.64943901462373,1.59759519803674,-1.48521213163925,1,NaN,-0.979592788307158
0.500623854845535,1.0491828856679,-0.538585484667528,1,NaN,0.13979968182545
-0.271881485775874,-0.946802396940959,1.48990018741472,2,NaN,0.699495916891754
-0.57538713514134,-0.555208779309806,1.15181924206768,2,NaN,-0.046765729863318
1.32604850645937,0.367501101226771,-0.606201673736936,2,NaN,0.326365093514218
-0.797020113439201,-0.516705787007914,0.81373829672064,1,NaN,-0.979592788307158
-1.26315094553289,0.205967067674674,1.69274875462295,1,NaN,0.326365093514218
-0.290114421434553,-0.215187908722525,0.272808784165373,2,NaN,-0.419896553240854
0.645923686152972,-0.658810128204659,-0.87666643001457,2,NaN,-0.046765729863318
-0.717429676735238,-1.29409826319734,-1.21474737536161,2,NaN,-0.419896553240854
-1.11200527775338,-0.189084027016645,-1.34997975350043,1,NaN,-0.046765729863318
0.597277223442811,1.61522307316474,0.340424973234781,0,-0.771938089103775,-0.79302737661839
-1.33827136796637,-1.52748090399883,-1.34997975350043,2,NaN,0.699495916891754
-0.799592407927697,-1.61971058868184,-1.21474737536161,1,NaN,-1.16615819999593
-0.96213310163131,-0.163748551280521,-1.48521213163925,0,-0.990074136961262,0.326365093514218
-1.11412023181718,-0.903158042282613,0.948970674859457,0,-1.30867560861844,0.886061328580522
1.00866162030725,1.24030446550113,-0.200504539320486,1,NaN,1.25919215195806
0.437316872265414,0.204019987065876,-1.68806069884747,0,-0.699630072689386,1.07262674026929
-0.873618587975982,1.66927804379832,0.948970674859457,1,NaN,-2.84524690519484
0.927058378365173,-1.18615579569907,-0.944282619083978,0,0.825812761771028,-0.233331141552086
1.05709464397735,0.1513260030101,0.746122107651232,1,NaN,0.326365093514218
-0.968920788015663,1.30151822180969,-0.944282619083978,1,NaN,-0.606461964929622
1.24511243964239,-1.48945467485028,-0.335736917459302,0,-0.223285128779206,0.699495916891754
-0.175586849985789,-0.383377411835283,-1.48521213163925,2,NaN,-0.233331141552086
1.22210002720683,-1.33832237700139,1.2870516202065,1,NaN,0.699495916891754
-0.523616385268083,0.498665658934797,-1.28236356443102,0,-0.99701753945727,0.326365093514218
-1.60868853584417,-0.0648137101170349,1.55751637648413,0,-0.32637396466884,-1.16615819999593
0.404473620479558,-1.09855292096,1.55751637648413,1,NaN,0.699495916891754
-1.43890871262003,0.465725627947246,-1.68806069884747,0,0.187143908250397,0.699495916891754
1.32675134185432,-1.0920594259399,0.881354485790048,0,-0.0911868565204583,-0.419896553240854
0.31561179908241,0.39281081405483,1.01658686392887,2,NaN,1.44575756364683
-1.1677567160393,-0.183702983767132,0.340424973234781,0,-0.755984375938844,0.326365093514218
-0.802755067829451,0.048374103615724,-1.21474737536161,2,NaN,0.326365093514218
1.10783487147757,-1.22952760324209,1.15181924206768,2,NaN,0.13979968182545
1.60123782788654,0.128038044125483,-0.335736917459302,1,NaN,-1.53928902337346
-0.351368146176416,-0.583741985937955,0.272808784165373,2,NaN,-0.046765729863318
0.40849538424827,1.44533418423555,-0.0652721611816689,2,NaN,0.512930505202986
-0.964593231481712,-1.3155939191013,-0.809050240945161,0,-0.237379441641538,0.699495916891754
0.836452747629182,-0.617065735666915,1.42228399834532,2,NaN,0.699495916891754
1.00252700598139,-0.709925851997238,1.55751637648413,0,-1.55494624914539,-0.419896553240854
-0.481883696325903,-0.336965410176769,-0.470969295598119,2,NaN,-0.606461964929622
-0.140947121300896,1.60133998555536,0.881354485790048,1,NaN,-1.72585443506223
0.328109221814283,1.60599582283529,-0.809050240945161,2,NaN,-0.046765729863318
-1.12307583777758,-0.8631976151669,0.0699602169571479,0,-0.792806194579615,0.699495916891754
-0.951142173175978,0.534483145696525,-1.68806069884747,0,-0.609451439312181,0.13979968182545
-0.268198148428551,0.997706521846785,-0.741434051875753,2,NaN,-0.419896553240854
-0.87643863299823,-0.463471378356001,0.340424973234781,2,NaN,0.326365093514218
0.276532866710634,-0.177680885517411,-0.673817862806344,1,NaN,0.699495916891754
-0.179166978933162,-0.317635842750283,0.0699602169571479,0,-0.0241986959003752,-0.233331141552086
0.21207397439425,1.66778529880757,-0.0652721611816689,2,NaN,-0.606461964929622
1.15820400379025,-0.221792084281789,1.55751637648413,0,-0.119104286117681,0.699495916891754
-0.880020230591476,0.965633667236861,0.40804116230419,2,NaN,0.512930505202986
0.542933275150524,-1.24379997205056,-0.944282619083978,2,NaN,0.326365093514218
1.29166982314632,1.24456166339282,0.881354485790048,0,-0.711985173124684,2.37858462209067
-0.78831985611379,1.24679176770256,-0.403353106528711,2,NaN,-0.606461964929622
-1.57141032122326,0.39209636854288,-0.606201673736936,0,-0.606187412017836,-0.606461964929622
1.25200074656972,-0.0628179060506245,-1.68806069884747,2,NaN,0.512930505202986
-1.55483520829763,-0.988469716772151,0.40804116230419,2,NaN,0.13979968182545
0.137526631327374,1.38824995436939,0.678505918581823,1,NaN,0.13979968182545
-0.537869888031358,0.262613916170903,1.01658686392887,1,NaN,0.512930505202986
0.553794815093011,-0.684282309942295,0.137576406026556,1,NaN,-0.233331141552086
-1.35889816217396,0.713287301342542,0.40804116230419,1,NaN,1.44575756364683
0.630672812210635,-1.33889029677918,-0.809050240945161,1,NaN,1.25919215195806
1.06600148907221,0.180289865301539,-0.470969295598119,2,NaN,0.326365093514218
-1.69287141208418,-0.38123306594882,0.81373829672064,0,-0.220929066293106,-1.72585443506223
1.23956481909649,-0.418958483004833,-1.1471311862922,2,NaN,-0.046765729863318
-0.868573379320085,-0.497939563776691,-0.741434051875753,1,NaN,-0.419896553240854
0.526654378137694,1.41550026720638,1.08420305299827,1,NaN,0.512930505202986
1.03903555389268,1.17304808251445,1.42228399834532,0,-0.498174203644531,1.25919215195806
-0.143046413337844,-1.10819497318981,-0.0652721611816689,2,NaN,0.13979968182545
0.61740775490055,-0.794999894373105,1.42228399834532,1,NaN,0.326365093514218
0.300330157923018,1.66724046826698,-1.1471311862922,1,NaN,-0.233331141552086
-0.800667458611682,-1.45601948894592,-1.34997975350043,2,NaN,-0.233331141552086
0.337073216895835,-1.52373605719224,1.2870516202065,2,NaN,-0.233331141552086
-0.932385777279647,1.04135064675983,-0.0652721611816689,0,-1.03801474837111,0.886061328580522
0.794347488142982,1.61304744465981,-0.673817862806344,0,0.624104114684616,-0.606461964929622
1.17400857815626,-0.0479096279312844,-0.200504539320486,0,0.00867063301191654,0.326365093514218
-0.027835328912322,1.28592216003844,0.678505918581823,0,0.00122222963126516,-0.233331141552086
-1.10035299598221,0.815441738303903,-1.68806069884747,0,-0.341369861761145,3.12484626884574
0.994887258136665,-0.830447190836121,-0.403353106528711,1,NaN,-0.233331141552086
1.47345879943284,1.0494674000471,-1.68806069884747,0,0.171975359605448,1.63232297533559
-0.629149496169443,-0.854790502567531,-1.68806069884747,0,0.882082553524836,-0.79302737661839
0.217314406438254,-0.0888652542504442,-0.0652721611816689,0,-0.850406443619046,1.07262674026929
-0.904397029078198,-1.20862049378538,0.340424973234781,2,NaN,0.699495916891754
-1.14641506937322,-0.565521538705214,0.610889729512415,0,-1.45748311983331,-0.046765729863318
-1.44207683514634,-1.52054055833293,-0.87666643001457,1,NaN,-0.233331141552086
-0.690843528428391,-0.0119170047361816,0.00234402788773947,0,0.741886509134083,-0.233331141552086
0.113397581773917,-0.986041920649278,1.15181924206768,2,NaN,-0.419896553240854
0.967878487824342,0.910690154193618,-0.200504539320486,2,NaN,0.512930505202986
-0.732580266013329,-1.53475993947046,0.40804116230419,2,NaN,-0.606461964929622
0.542478167158818,1.69400410784535,-1.48521213163925,2,NaN,-0.979592788307158
-1.15835484480327,-1.17464952730547,-0.606201673736936,1,NaN,1.44575756364683
-0.919959333012283,-1.31599170692439,1.42228399834532,0,0.350122042907369,0.512930505202986
-0.0291429582256002,1.33187922839841,1.69274875462295,2,NaN,-0.233331141552086
0.265025468860862,-0.0488883701492072,-1.48521213163925,1,NaN,1.63232297533559
-1.24896680288786,-1.64670666331428,-0.809050240945161,2,NaN,-1.72585443506223
1.67995348054131,-0.525950686248448,-1.48521213163925,0,1.97361479603691,-1.912419846751
-0.423041534495311,-0.188575376686252,-0.132888350251077,2,NaN,-0.419896553240854
1.41436369051463,-1.40482364365842,1.55751637648413,2,NaN,0.13979968182545
1.3973227721226,0.669374417228089,-0.132888350251077,2,NaN,0.13979968182545
0.946748837049556,-1.34646306425183,0.00234402788773947,1,NaN,-0.046765729863318
0.420602080758081,-1.64729436191201,0.610889729512415,2,NaN,-0.233331141552086
0.609561943869203,-1.18212986841342,0.746122107651232,0,-0.149384469699377,0.326365093514218
-0.259491379591283,0.0989728183559802,0.475657351373598,0,0.167623282516099,-0.233331141552086
1.43270736303509,-0.612552263046783,1.48990018741472,0,-1.16556708910838,-0.979592788307158
-0.339880143104791,-0.899001838274603,0.81373829672064,1,NaN,0.512930505202986
0.790332655974245,1.12209603903369,-0.268120728389894,1,NaN,0.13979968182545
-1.15801486220305,1.16993125804223,-0.538585484667528,0,-0.46217075706595,0.13979968182545
-0.703911870714597,0.668996121020575,-1.55282832070865,2,NaN,0.699495916891754
0.0365959927985221,-1.16177211651343,-1.01189880815339,1,NaN,0.326365093514218
-0.941518931268476,0.280654000478552,0.205192595095965,1,NaN,-0.606461964929622
-0.906572186518302,1.31738808881263,-0.470969295598119,1,NaN,-1.35272361168469
-0.0798425332367282,0.777740690043797,1.55751637648413,0,0.93822640953603,-0.233331141552086
1.17872342369745,-0.506291639752097,-0.200504539320486,0,0.730751660658955,0.13979968182545
-0.73821192446583,-0.308234420022788,-0.606201673736936,0,1.6626674784842,0.13979968182545
1.58111647276979,-1.22579556736579,-0.673817862806344,0,0.474254498154547,-1.53928902337346
1.23557213656768,0.976119014476732,-0.132888350251077,0,0.213027429434949,2.00545379871313
-0.559928416322247,0.516529909923927,-0.0652721611816689,1,NaN,-0.046765729863318
-0.108822694253022,1.033437662374,-1.48521213163925,2,NaN,0.512930505202986
-1.41045527112066,0.346658069348254,1.35466780927591,0,-0.0744523425133594,-0.046765729863318
-0.37483443368994,0.872899153529438,-1.07951499722279,1,NaN,-1.16615819999593
-1.10899087950988,-1.29174248168348,-1.41759594256984,2,NaN,0.326365093514218
-0.551689893801211,0.206872968920371,1.15181924206768,0,-0.748148579521513,0.512930505202986
-0.551876348847894,-0.67882229515882,-0.944282619083978,2,NaN,-0.419896553240854
-0.604111069848778,0.369654020419238,1.21943543113709,1,NaN,0.13979968182545
-1.02797393651414,0.99222857020875,1.55751637648413,1,NaN,2.1920192104019
-0.922164492926629,0.742659198693564,-1.48521213163925,0,-0.722188676285779,2.00545379871313
-1.20890613142731,0.770394860016549,1.55751637648413,2,NaN,1.25919215195806
-0.536471834853741,-1.65422697096333,1.08420305299827,2,NaN,-0.606461964929622
1.01637213685331,0.293808713515898,1.42228399834532,2,NaN,0.512930505202986
0.688536165283346,-1.45323028306013,-1.07951499722279,1,NaN,0.512930505202986
-1.19572055784111,0.345724590285815,0.272808784165373,2,NaN,0.512930505202986
0.209785816053353,-1.03000194172087,0.475657351373598,0,0.445439323898306,-0.046765729863318
0.864695084459026,-1.42944053980911,0.0699602169571479,0,-0.687467804212761,-0.233331141552086
0.317551557828313,0.165505092986706,-0.538585484667528,2,NaN,1.44575756364683
-1.17189036319375,0.0611994104683778,-0.944282619083978,1,NaN,0.886061328580522
-1.20463817767242,-0.847503332347456,0.340424973234781,2,NaN,1.25919215195806
0.384671026545138,-0.0259077463483711,-0.268120728389894,1,NaN,1.81888838702436
1.62298414567226,-1.72488708693358,-0.335736917459302,0,5.64341612531736,-3.21837772857237
0.383929251289162,0.671013181624631,0.475657351373598,0,-0.453593947043369,0.13979968182545
-0.577638037873702,-0.67629867495593,-0.741434051875753,2,NaN,-0.419896553240854
-0.0822609062921294,-1.13355543774092,-1.48521213163925,0,0.2602091093367,0.13979968182545
0.878376007817807,0.334463663867103,-1.68806069884747,1,NaN,0.13979968182545
1.10502405018956,1.17363131828582,1.69274875462295,0,-0.610953563583773,1.44575756364683
1.21770859975532,0.645118352160204,-1.01189880815339,0,-0.513638152135074,-0.233331141552086
-0.998010364528896,-1.03699159862854,-0.741434051875753,1,NaN,1.81888838702436
-0.357356131122181,-1.40544387080319,-0.335736917459302,2,NaN,-0.419896553240854
-1.45562866212077,-0.13890322787205,0.543273540443007,0,0.719865770000212,-0.606461964929622
-1.18653221539113,1.70398137847142,-1.28236356443102,2,NaN,-2.65868149350607
-1.10338800380151,-1.44721375139795,-0.741434051875753,1,NaN,0.699495916891754
0.300525598994442,1.6959209586543,0.678505918581823,0,-1.18381299643555,-0.79302737661839
-0.444754095082196,-0.126279634622137,0.543273540443007,2,NaN,-0.79302737661839
